,Entity,Code,emission_type,2007,2008,2009,2010,2011,2012,2013,2014,2015,2016,2017
0,Afghanistan,AFG,gas,308273.0,296784.0,271136.0,271136.0,307776.0,307776.0,296784.0,271136.0,282128.0,318594.0,300448.0
1,Albania,ALB,gas,32944.0,14656.0,18320.0,25648.0,29312.0,29312.0,32976.0,58586.0,62288.0,161347.0,84272.0
2,Algeria,DZA,gas,51076160.0,51550552.0,54894048.0,53367824.0,56720644.0,64114502.0,65450032.0,73833264.0,78768672.0,78677072.0,82352064.0
3,Angola,AGO,gas,1593840.0,1271408.0,1289728.0,1370336.0,1403312.0,1421632.0,765776.0,578864.0,1439952.0,1494912.0,1571856.0
4,Argentina,ARG,gas,87177552.0,90119744.0,87994624.0,86928400.0,92587402.0,95381248.0,91338094.0,92843900.0,93534592.0,96300912.0,96441923.0
5,Armenia,ARM,gas,3762022.0,4122000.0,3169360.0,2953184.0,3755600.0,4565344.0,4418784.0,4458396.0,4026736.0,4195280.0,4459088.0
6,Australia,AUS,gas,61048701.0,61786863.0,63112722.0,64262465.0,66480102.0,67705396.0,69361359.0,71566593.0,71803759.0,74803626.0,76436251.0
7,Austria,AUT,gas,16485844.0,17426928.0,17027071.0,18770734.0,17722615.0,16937699.0,16324463.0,14888822.0,15878746.0,16446046.0,17966461.0
8,Azerbaijan,AZE,gas,17577750.0,20738240.0,18788992.0,17968256.0,19025594.0,19833232.0,19935824.0,21199904.0,21932704.0,21509780.0,20892128.0
9,Bahrain,BHR,gas,20866480.0,22969616.0,24175072.0,24531054.0,24284992.0,24394912.0,26179280.0,28352032.0,28238448.0,27169056.0,27992420.0
10,Bangladesh,BGD,gas,29579472.0,32224880.0,35441872.0,39396545.0,39626160.0,41714640.0,43331788.0,45934239.0,48742192.0,53549360.0,53666608.0
11,Barbados,BRB,gas,36640.0,32976.0,32900.0,29312.0,32896.0,36547.0,43968.0,25723.0,32976.0,32976.0,32976.0
12,Belarus,BLR,gas,38544764.0,39267888.0,32502107.0,40228491.0,38092839.0,37567765.0,37668849.0,37390092.0,34768881.0,34686475.0,35459604.0
13,Belgium,BEL,gas,35661950.0,35717952.0,36511080.0,40386143.0,34595561.0,34922436.0,35289160.0,31050744.0,33824981.0,34469571.0,35081857.0
14,Belize,BLZ,gas,0.0,0.0,0.0,11067.0,10920.0,7328.0,3664.0,3693.0,3664.0,3664.0,3664.0
15,Benin,BEN,gas,0.0,0.0,0.0,0.0,0.0,0.0,0.0,0.0,58624.0,3664.0,73317.0
16,Bolivia,BOL,gas,4136656.0,4765518.0,5025637.0,5723168.0,6512422.0,6766035.0,7047278.0,7648997.0,7862944.0,8661696.0,8366322.0
17,Bosnia and Herzegovina,BIH,gas,769440.0,762112.0,436016.0,457921.0,520288.0,479905.0,373728.0,348080.0,406704.0,421431.0,458000.0
18,Botswana,BWA,gas,0.0,0.0,0.0,0.0,0.0,0.0,0.0,0.0,3664.0,0.0,0.0
19,Brazil,BRA,gas,40545824.0,48530148.0,39124192.0,52659008.0,50482592.0,59825792.0,71077936.0,78031661.0,77179068.0,66061920.0,69447456.0
20,Brunei,BRN,gas,5939344.0,6492608.0,5595976.0,6126208.0,7287696.0,7112781.0,5624240.0,6771072.0,4891440.0,5341011.0,6822368.0
21,Bulgaria,BGR,gas,6889115.0,6718200.0,5052382.0,5371912.0,6148541.0,5759238.0,5608733.0,5589405.0,5931801.0,5938794.0,6038318.0
22,Cameroon,CMR,gas,685168.0,711293.0,589578.0,593568.0,424787.0,509296.0,585819.0,850048.0,942093.0,1019044.0,1132176.0
23,Canada,CAN,gas,181351238.0,179358949.0,172690928.0,175591119.0,193109674.0,196658855.0,205339287.0,214652732.0,212479902.0,209514605.0,213521490.0
24,Chile,CHL,gas,8764288.0,4825488.0,6378671.0,10226747.0,10449728.0,9808976.0,9292317.0,8295685.0,9111963.0,9951424.0,9944096.0
25,China,CHN,gas,129515072.0,149674400.0,164403680.0,199585408.0,245989968.0,277599296.0,320127464.0,353590788.0,366649291.0,402761536.0,464452128.0
26,Colombia,COL,gas,14033120.0,17517584.0,20097040.0,21987664.0,21050702.0,22898934.0,23106131.0,22665504.0,23101520.0,21892400.0,22467648.0
27,Congo,COG,gas,40304.0,47763.0,106256.0,194192.0,282128.0,407210.0,578912.0,523335.0,981952.0,1124848.0,1183472.0
28,Cote d'Ivoire,CIV,gas,2887232.0,3037456.0,2784640.0,3037456.0,2993488.0,3264624.0,3748272.0,3781248.0,3858192.0,4774192.0,4312528.0
29,Croatia,HRV,gas,5870851.0,5693071.0,5256202.0,5712434.0,5564328.0,5194847.0,4908934.0,4305073.0,4460983.0,4729110.0,5432159.0
30,Cuba,CUB,gas,2337632.0,2227712.0,2216720.0,2059391.0,1956822.0,1985888.0,2044512.0,2304656.0,2388627.0,2275642.0,2018569.0
31,Curacao,CUW,gas,0.0,0.0,0.0,0.0,0.0,0.0,0.0,0.0,274800.0,274800.0,230832.0
32,Cyprus,CYP,gas,1113.0,543.0,1146.0,745.0,915.0,556.0,796.0,409.0,403.0,398.0,422.0
33,Czechia,CZE,gas,17384196.0,17218487.0,16252817.0,18348733.0,16728568.0,16553692.0,16753879.0,15039364.0,15828045.0,16929503.0,17612066.0
34,Democratic Republic of Congo,COD,gas,43968.0,43968.0,43968.0,44050.0,43968.0,0.0,0.0,3664.0,3664.0,0.0,0.0
35,Denmark,DNK,gas,9737736.0,9846405.0,9433843.0,10569347.0,8983282.0,8413976.0,7939519.0,6816457.0,6907236.0,7012323.0,6678652.0
36,Dominican Republic,DOM,gas,1003936.0,926992.0,992944.0,1494912.0,1678401.0,1989552.0,2037184.0,2003868.0,2025875.0,1912608.0,2191403.0
37,Ecuador,ECU,gas,1022256.0,930772.0,1099076.0,1157702.0,1047904.0,1399648.0,1590176.0,1630480.0,1535078.0,1656128.0,1538880.0
38,Egypt,EGY,gas,81128288.0,83310483.0,81787808.0,81947530.0,92679288.0,92919040.0,90399788.0,81699872.0,84151088.0,94824320.0,108406768.0
39,Equatorial Guinea,GNQ,gas,3407520.0,4726560.0,4499392.0,4603192.0,5323792.0,5135761.0,4869456.0,4400464.0,3513776.0,3398186.0,3264624.0
40,Estonia,EST,gas,1713374.0,1656631.0,1196144.0,1300245.0,1172919.0,1211677.0,1171885.0,979674.0,867755.0,952123.0,870038.0
41,Fiji,FJI,gas,0.0,0.0,0.0,3664.0,0.0,0.0,0.0,0.0,0.0,0.0,0.0
42,Finland,FIN,gas,8351542.0,8572555.0,7683480.0,8470317.0,7432586.0,6608715.0,6210299.0,5545309.0,4866065.0,4353122.0,4024261.0
43,France,FRA,gas,92593563.0,94923321.0,93065561.0,98308289.0,86314919.0,88761770.0,90443489.0,75768316.0,81495063.0,89137261.0,89909221.0
44,Gabon,GAB,gas,311440.0,348080.0,462063.0,619216.0,696160.0,714480.0,703488.0,1019294.0,1018592.0,1022256.0,754784.0
45,Gambia,GMB,gas,3664.0,3664.0,3700.0,3695.0,3664.0,3694.0,3695.0,3690.0,3690.0,3689.0,3664.0
46,Georgia,GEO,gas,3286608.0,2476864.0,2485668.0,2321613.0,3451488.0,3770256.0,3528432.0,4195280.0,4614726.0,4327184.0,4484736.0
47,Germany,DEU,gas,174433997.0,179787212.0,167529858.0,183880290.0,168506351.0,167997128.0,170558615.0,152219063.0,157520204.0,169473246.0,172391255.0
48,Ghana,GHA,gas,0.0,0.0,10987.0,809744.0,1583362.0,802416.0,600896.0,1278736.0,2440224.0,1417654.0,2359616.0
49,Greece,GRC,gas,7808080.0,8109119.0,6623295.0,7166043.0,8810981.0,8094044.0,7335771.0,5559040.0,6034755.0,7912128.0,9536062.0
50,Guatemala,GTM,gas,0.0,0.0,0.0,0.0,0.0,0.0,0.0,0.0,0.0,0.0,0.0
51,Hong Kong,HKG,gas,3850864.0,4572672.0,5173568.0,6477952.0,5268832.0,4884112.0,4755872.0,4646326.0,6082240.0,6236128.0,6217808.0
52,Hungary,HUN,gas,25245288.0,24886235.0,21650023.0,22933424.0,21926894.0,19568727.0,18441263.0,17220122.0,18178483.0,19378004.0,20517964.0
53,Iceland,ISL,gas,149.0,159.0,164.0,133.0,161.0,177.0,217.0,353.0,585.0,701.0,835.0
54,India,IND,gas,52695648.0,63046600.0,112684767.0,134244240.0,136364239.0,125604798.0,110689227.0,109467500.0,106870633.0,113622467.0,118922003.0
55,Indonesia,IDN,gas,57077792.0,60313104.0,64540826.0,73730036.0,81553312.0,80062064.0,64753293.0,62415688.0,94252054.0,91185376.0,84338539.0
56,Iran,IRN,gas,236520213.0,246874968.0,261063664.0,277221904.0,293264749.0,292273616.0,294933680.0,335006848.0,356768971.0,380704256.0,399504240.0
57,Iraq,IRQ,gas,12028197.0,15249568.0,16700512.0,14817216.0,13908544.0,13153760.0,13058204.0,12633192.0,12985503.0,14285936.0,16235184.0
58,Ireland,IRL,gas,10209742.0,10773546.0,10383762.0,11367257.0,9851409.0,9523750.0,9067279.0,8795884.0,8887966.0,9909930.0,10156520.0
59,Israel,ISR,gas,5089296.0,7016940.0,7822640.0,10079664.0,9343200.0,4814260.0,13136179.0,14400366.0,15759749.0,18023216.0,19759952.0
60,Italy,ITA,gas,162023623.0,165514723.0,152645448.0,163083780.0,151899736.0,146833515.0,136532088.0,120446043.0,131794052.0,139699283.0,147796225.0
61,Jamaica,JAM,gas,0.0,0.0,0.0,0.0,0.0,0.0,0.0,0.0,0.0,18320.0,201520.0
62,Japan,JPN,gas,209122344.0,204484663.0,202176743.0,213341562.0,247922677.0,257022425.0,256490809.0,258548469.0,246428641.0,251595944.0,245692546.0
63,Jordan,JOR,gas,5506056.0,6236128.0,7060528.0,5235856.0,1996880.0,1509337.0,1868640.0,619216.0,4004752.0,6979920.0,8031488.0
64,Kazakhstan,KAZ,gas,24973470.0,31137023.0,30999129.0,35477979.0,39972480.0,35277212.0,31962202.0,44463733.0,53290270.0,55388781.0,63500146.0
65,Kuwait,KWT,gas,25539329.0,26618960.0,24101792.0,28132192.0,32857357.0,34731056.0,34566176.0,34281763.0,39067054.0,41595226.0,42306021.0
66,Kyrgyzstan,KGZ,gas,1472928.0,1429653.0,622880.0,564256.0,637536.0,817072.0,626544.0,516624.0,523952.0,545936.0,578912.0
67,Latvia,LVA,gas,3146682.0,3084859.0,2827001.0,3392969.0,2975287.0,2792478.0,2728688.0,2448369.0,2505960.0,2607191.0,2299365.0
68,Lebanon,LBN,gas,0.0,0.0,95247.0,483648.0,0.0,0.0,0.0,0.0,0.0,0.0,0.0
69,Libya,LBY,gas,12106752.0,12575678.0,11234541.0,13196940.0,10167600.0,10709872.0,13271008.0,11104888.0,8394224.0,9533728.0,8412544.0
70,Liechtenstein,LIE,gas,70655.0,72827.0,57518.0,60561.0,53565.0,54500.0,57814.0,48059.0,51305.0,50975.0,53481.0
71,Lithuania,LTU,gas,6551531.0,5836171.0,4921129.0,5663373.0,6159967.0,5936893.0,4913358.0,4633849.0,4647208.0,4146815.0,4277118.0
72,Luxembourg,LUX,gas,2730793.0,2593811.0,2658378.0,2841718.0,2463911.0,2499640.0,2113295.0,2004356.0,1828497.0,1679816.0,1657589.0
73,Macao,MAC,gas,0.0,158064.0,179536.0,297667.0,142896.0,0.0,0.0,113311.0,3664.0,18320.0,337088.0
74,Malaysia,MYS,gas,65439040.0,72632787.0,65442704.0,60807744.0,64784271.0,66287967.0,75317184.0,78407126.0,77212683.0,73524393.0,70425744.0
75,Malta,MLT,gas,34.0,20.0,32.0,32.0,43.0,11.0,11.0,23.0,23.0,12.0,552342.0
76,Mexico,MEX,gas,117273648.0,118567040.0,123432832.0,124121664.0,130706870.0,135726564.0,142276784.0,138502864.0,147976833.0,151455104.0,143251408.0
77,Moldova,MDA,gas,2176416.0,2040848.0,1875968.0,1982224.0,1916272.0,1824672.0,1722080.0,1751392.0,1681776.0,1727042.0,1725744.0
78,Morocco,MAR,gas,1242188.0,1113856.0,1209120.0,1304384.0,1637808.0,2396408.0,2348624.0,2245891.0,2323119.0,2363280.0,2344960.0
79,Mozambique,MOZ,gas,69501.0,117443.0,150224.0,153888.0,183200.0,172208.0,355408.0,1326368.0,1741410.0,1319040.0,1395984.0
80,Myanmar,MMR,gas,6166512.0,3649344.0,5424673.0,4141478.0,5496000.0,3577163.0,4202608.0,4829152.0,10847308.0,8079120.0,8463840.0
81,Netherlands,NLD,gas,78634489.0,82282506.0,82696100.0,92493000.0,80878772.0,77246708.0,78002357.0,68103033.0,68412985.0,70330473.0,72465966.0
82,New Zealand,NZL,gas,8421950.0,7899750.0,7599960.0,8495709.0,7683729.0,8358643.0,8425619.0,8636549.0,8328403.0,7897145.0,8505352.0
83,Nigeria,NGA,gas,22233152.0,20653968.0,18052528.0,20195968.0,28003162.0,28872320.0,28629639.0,32675552.0,32447338.0,31836496.0,32415408.0
84,North Macedonia,MKD,gas,194192.0,223504.0,146623.0,219745.0,252816.0,260144.0,296784.0,252816.0,230832.0,362736.0,465328.0
85,Norway,NOR,gas,12252788.0,12466275.0,13263708.0,13360437.0,12734630.0,12535041.0,12254609.0,13047265.0,13744979.0,13421581.0,13700666.0
86,Oman,OMN,gas,21716528.0,28691611.0,28732019.0,34108176.0,39114177.0,41636626.0,45632389.0,44967332.0,48248350.0,48254880.0,47496432.0
87,Pakistan,PAK,gas,64951728.0,65754144.0,66988912.0,63123392.0,65959328.0,64178624.0,63720624.0,62249888.0,65310800.0,66424656.0,71689824.0
88,Panama,PAN,gas,0.0,0.0,0.0,0.0,0.0,0.0,0.0,0.0,0.0,0.0,0.0
89,Papua New Guinea,PNG,gas,260144.0,289677.0,300448.0,289456.0,303902.0,260144.0,260144.0,582576.0,810205.0,857841.0,934320.0
90,Peru,PER,gas,5345776.0,7430592.0,9386493.0,12578512.0,11666176.0,12944912.0,11864032.0,16531968.0,16244948.0,17087695.0,14457130.0
91,Philippines,PHL,gas,7078848.0,7449263.0,7503872.0,7067856.0,7628780.0,7313344.0,6738096.0,7086176.0,6660935.0,7632112.0,7529520.0
92,Poland,POL,gas,27853404.0,28093104.0,27211230.0,29047542.0,29229875.0,30457441.0,30683687.0,29337737.0,30508515.0,32300607.0,34015407.0
93,Portugal,PRT,gas,9606586.0,10369184.0,9718267.0,10482841.0,10506207.0,9094063.0,8104053.0,7642687.0,9109552.0,9818139.0,12309758.0
94,Qatar,QAT,gas,41466739.0,41564416.0,44730112.0,53395472.0,66681136.0,81666896.0,69087778.0,97916454.0,99455616.0,96069858.0,93087148.0
95,Romania,ROU,gas,29460348.0,29803050.0,24425349.0,26169423.0,26525819.0,25005099.0,24044666.0,22962821.0,22373113.0,22498482.0,22600329.0
96,Russia,RUS,gas,777797181.0,778187257.0,730871996.0,792562895.0,815655703.0,804973974.0,780451615.0,772750613.0,737451951.0,751157988.0,779283684.0
97,Rwanda,RWA,gas,0.0,0.0,0.0,0.0,3664.0,3664.0,3681.0,7328.0,10992.0,54960.0,36640.0
98,Saudi Arabia,SAU,gas,113477744.0,125151248.0,119592960.0,137077568.0,139616720.0,151587008.0,153199168.0,159128503.0,200497744.0,212801456.0,220748672.0
99,Senegal,SEN,gas,21984.0,21984.0,32976.0,47632.0,36657.0,54960.0,84311.0,73280.0,47632.0,43968.0,36640.0
100,Serbia,SRB,gas,4601984.0,4580000.0,3191344.0,4242570.0,4352832.0,3839872.0,4272224.0,3682320.0,4004416.0,4327536.0,4843808.0
101,Singapore,SGP,gas,14721952.0,15070032.0,13710688.0,14857520.0,15007744.0,16275488.0,18323664.0,19214016.0,19554768.0,20045744.0,20153774.0
102,Slovakia,SVK,gas,11382871.0,11772301.0,10409862.0,11049382.0,10424417.0,10060666.0,10235812.0,8485533.0,8713932.0,8849510.0,9390006.0
103,Slovenia,SVN,gas,1858272.0,1849443.0,1757917.0,1854059.0,1725436.0,1660543.0,1620495.0,1467209.0,1554896.0,1649646.0,1727272.0
104,South Africa,ZAF,gas,7892318.0,8119484.0,7038493.0,8866880.0,8800928.0,9255191.0,9383504.0,9042752.0,9966080.0,10123632.0,9753568.0
105,South Korea,KOR,gas,71311900.0,72811008.0,72573376.0,88416561.0,95172400.0,102933403.0,108970345.0,98716109.0,90042800.0,94542192.0,98891945.0
106,Spain,ESP,gas,75619355.0,82537572.0,73680481.0,73630067.0,68035715.0,65081315.0,59067903.0,54254613.0,56598825.0,57658651.0,62539011.0
107,Suriname,SUR,gas,7328.0,7328.0,7328.0,7328.0,7328.0,7328.0,7328.0,7328.0,7318.0,7328.0,7317.0
108,Sweden,SWE,gas,2182479.0,1907057.0,2505296.0,3457853.0,2745183.0,2382761.0,2357295.0,2241714.0,1963816.0,2253600.0,1804110.0
109,Switzerland,CHE,gas,6276642.0,6682581.0,6403021.0,7159812.0,6363617.0,6958792.0,7314347.0,6355530.0,6779997.0,7131181.0,7088963.0
110,Syria,SYR,gas,11497632.0,11200848.0,13761166.0,17858336.0,15059040.0,11961962.0,9829508.0,9085617.0,7972864.0,6954272.0,6862672.0
111,Taiwan,TWN,gas,22812064.0,24673376.0,22203511.0,30407536.0,32096640.0,30312272.0,30048037.0,31239264.0,33851696.0,35350272.0,40945751.0
112,Tajikistan,TJK,gas,1238432.0,989280.0,443344.0,366935.0,370064.0,270795.0,7319.0,7322.0,7328.0,7324.0,3666.0
113,Tanzania,TZA,gas,1017945.0,1051568.0,1242096.0,1472157.0,1626054.0,1858393.0,1867952.0,1740400.0,1674448.0,1590176.0,1483920.0
114,Thailand,THA,gas,57774867.0,60291120.0,71657927.0,80982885.0,70495360.0,80544620.0,86620624.0,86591312.0,86389792.0,84539472.0,82414352.0
115,Togo,TGO,gas,0.0,0.0,0.0,0.0,14656.0,32976.0,40366.0,73280.0,73280.0,14637.0,0.0
116,Trinidad and Tobago,TTO,gas,39908288.0,38699168.0,39087552.0,42007760.0,41450832.0,40578800.0,41069776.0,41260705.0,39662800.0,35716672.0,34573996.0
117,Tunisia,TUN,gas,8051061.0,8765614.0,9119696.0,11636864.0,11266800.0,12157152.0,12124176.0,12056642.0,11570912.0,11933648.0,12439280.0
118,Turkey,TUR,gas,71984602.0,71543832.0,71354190.0,71640036.0,86019170.0,87081102.0,86683740.0,93527513.0,96419030.0,91841055.0,104739431.0
119,Turkmenistan,TKM,gas,39849664.0,40073168.0,34496560.0,39684784.0,43693200.0,45064646.0,46268992.0,46946832.0,48859440.0,48859440.0,48859440.0
120,Ukraine,UKR,gas,118976501.0,114356227.0,89682260.0,100188028.0,103812444.0,96799239.0,90294586.0,75210273.0,65636991.0,64342886.0,66938776.0
121,United Arab Emirates,ARE,gas,91295888.0,107804765.0,113467908.0,116869687.0,130170928.0,132607488.0,136408469.0,133341677.0,134157360.0,134912144.0,136149565.0
122,United Kingdom,GBR,gas,195667010.0,201598497.0,186812584.0,201029814.0,167501371.0,157648789.0,157069191.0,143921045.0,147267708.0,165114372.0,161655036.0
123,United States,USA,gas,1257701652.0,1267555949.0,1247520364.0,1308649999.0,1327291662.0,1388114410.0,1427471913.0,1455405303.0,1497933045.0,1509030213.0,1491791868.0
124,Uruguay,URY,gas,194192.0,172208.0,120912.0,150224.0,146630.0,106301.0,98928.0,91600.0,95211.0,106316.0,120912.0
125,Uzbekistan,UZB,gas,98524960.0,102570016.0,86129648.0,85198992.0,95132096.0,98245962.0,88314098.0,83583168.0,81942413.0,85473792.0,89086496.0
126,Venezuela,VEN,gas,46734320.0,45026896.0,43726176.0,47683296.0,47877488.0,49742464.0,48511360.0,46646384.0,46434869.0,48755750.0,47824996.0
127,Vietnam,VNM,gas,12479136.0,13901216.0,15374144.0,18048864.0,16279152.0,17957264.0,18719376.0,19598736.0,20463440.0,20368176.0,17876656.0
128,World,OWID_WRL,gas,5710414541.0,5873324221.0,5764761906.0,6206111296.0,6372084290.0,6497148910.0,6540736381.0,6590455787.0,6762248094.0,6939907505.0,7114554348.0
129,Yemen,YEM,gas,0.0,0.0,736464.0,1945584.0,1300720.0,1517199.0,2011536.0,1853984.0,1894288.0,985616.0,1183472.0
0,Afghanistan,AFG,oil,1200064.0,2810288.0,4942736.0,5866064.0,7602800.0,6756416.0,4781520.0,3770256.0,4737552.0,3471576.0,3066768.0
1,Albania,ALB,oil,3374978.0,3795904.0,3414848.0,3491792.0,3773920.0,3154704.0,3330576.0,3855679.0,3337904.0,3362629.0,4100016.0
2,Algeria,DZA,oil,38321776.0,37363066.0,44891328.0,45365398.0,46919745.0,48539284.0,51918880.0,52886176.0,55630512.0,54736496.0,55374032.0
3,Andorra,AND,oil,538608.0,538608.0,516624.0,516624.0,490976.0,487312.0,476320.0,461664.0,465328.0,468992.0,465328.0
4,Angola,AGO,oil,8800928.0,10218896.0,12296384.0,13369936.0,14344560.0,17268432.0,17440640.0,28239777.0,17066912.0,17916960.0,20126352.0
5,Anguilla,AIA,oil,150224.0,150224.0,146560.0,150224.0,142896.0,142896.0,117248.0,139232.0,153888.0,153888.0,142896.0
6,Antarctica,ATA,oil,10992.0,0.0,0.0,0.0,0.0,0.0,0.0,0.0,0.0,0.0,0.0
7,Antigua and Barbuda,ATG,oil,406704.0,417696.0,443344.0,454336.0,443344.0,458000.0,461664.0,461664.0,479984.0,490976.0,490976.0
8,Argentina,ARG,oil,77951600.0,88657808.0,82381376.0,90145392.0,86908092.0,85587376.0,87505624.0,84332262.0,86913744.0,84510160.0,80859236.0
9,Armenia,ARM,oil,924005.0,1033248.0,952640.0,1007600.0,941648.0,897680.0,853712.0,857948.0,798752.0,806080.0,868368.0
10,Aruba,ABW,oil,2821280.0,2656400.0,2627088.0,2506176.0,2498848.0,1348352.0,861040.0,872032.0,897680.0,883024.0,916000.0
11,Australia,AUS,oil,119473248.0,122327850.0,122369926.0,124560040.0,129808245.0,133683940.0,136185321.0,137607981.0,137343645.0,137092653.0,139652025.0
12,Austria,AUT,oil,36809333.0,35623146.0,34642239.0,34827171.0,33320125.0,32616223.0,33474977.0,32425536.0,33046744.0,34328423.0,34617166.0
13,Azerbaijan,AZE,oil,11455945.0,10607280.0,9240608.0,8694672.0,10264000.0,11640528.0,12065552.0,11633200.0,11728464.0,12348885.0,12450272.0
14,Bahamas,BHS,oil,1791696.0,2355952.0,1604832.0,2385264.0,1799024.0,1905280.0,2879899.0,2359616.0,2037177.0,1791689.0,1967568.0
15,Bahrain,BHR,oil,5759808.0,6554896.0,3671328.0,4114154.0,3891168.0,2462208.0,4554352.0,2341296.0,3979104.0,3740508.0,4291023.0
16,Bangladesh,BGD,oil,10171264.0,9907456.0,9991728.0,10841103.0,13399248.0,14879504.0,13959086.0,15785314.0,14688976.0,15436432.0,18708384.0
17,Barbados,BRB,oil,1176144.0,1432624.0,1447593.0,1330032.0,1381622.0,1341292.0,1319040.0,1164894.0,1157824.0,1179808.0,1066224.0
18,Belarus,BLR,oil,18665708.0,20181199.0,22659622.0,16377563.0,17535437.0,18612226.0,19193163.0,18592671.0,17505727.0,19212325.0,18642567.0
19,Belgium,BEL,oil,55788840.0,55362122.0,51206320.0,51790352.0,48612458.0,47584457.0,47319497.0,46167332.0,48122418.0,47067482.0,46510674.0
20,Belize,BLZ,oil,476320.0,436016.0,516624.0,527541.0,546008.0,443344.0,472656.0,465299.0,637536.0,604560.0,611888.0
21,Benin,BEN,oil,3718960.0,3737280.0,4001088.0,4437104.0,4327184.0,4107344.0,4330848.0,4488923.0,5210208.0,5719504.0,6316260.0
22,Bermuda,BMU,oil,729136.0,648528.0,476320.0,608224.0,443344.0,366400.0,534944.0,670512.0,538608.0,619216.0,630208.0
23,Bhutan,BTN,oil,223504.0,218124.0,241824.0,311440.0,366400.0,437644.0,441473.0,432352.0,450672.0,481493.0,516624.0
24,Bolivia,BOL,oil,7170448.0,7300290.0,7421240.0,7793328.0,8253221.0,10158211.0,9990058.0,10517371.0,10054016.0,10438736.0,11888020.0
25,Bonaire Sint Eustatius and Saba,BES,oil,302377.0,290842.0,297598.0,204990.0,261511.0,311440.0,322432.0,322432.0,326096.0,329760.0,333424.0
26,Bosnia and Herzegovina,BIH,oil,3543088.0,4100016.0,4396800.0,4458316.0,4418784.0,4106665.0,4004752.0,4092688.0,4253904.0,4837295.0,4554352.0
27,Botswana,BWA,oil,2293664.0,2550144.0,2182150.0,2445859.0,2592805.0,2744336.0,2883568.0,3000816.0,2517168.0,2755328.0,2799296.0
28,Brazil,BRA,oil,240021312.0,252796453.0,250940032.0,273660496.0,288902736.0,309274576.0,325722272.0,342471678.0,316868732.0,320992048.0,322512608.0
29,British Virgin Islands,VGB,oil,186864.0,190528.0,190528.0,197856.0,201520.0,201520.0,201520.0,212512.0,212512.0,212512.0,168544.0
30,Brunei,BRN,oil,1846656.0,2055504.0,1754236.0,1590176.0,1956576.0,2065710.0,1656128.0,1689104.0,1645136.0,1803553.0,1927264.0
31,Bulgaria,BGR,oil,12518617.0,11902388.0,11410868.0,11006018.0,10195407.0,10732751.0,9685588.0,10607206.0,11596083.0,11999916.0,12273897.0
32,Burkina Faso,BFA,oil,1579184.0,1553536.0,1612160.0,1810016.0,1905280.0,2366944.0,2638080.0,2755328.0,3195008.0,3264624.0,3821552.0
33,Burundi,BDI,oil,190724.0,194192.0,153888.0,278464.0,329760.0,322990.0,337088.0,332993.0,344857.0,388384.0,490976.0
34,Cambodia,KHM,oil,3418512.0,3510112.0,4180291.0,4678928.0,4704576.0,4902432.0,4865792.0,5027008.0,5557004.0,6430320.0,6587872.0
35,Cameroon,CMR,oil,4572672.0,4330088.0,5580851.0,5682864.0,5657717.0,5162576.0,3939630.0,5496000.0,6180423.0,6231562.0,5389744.0
36,Canada,CAN,oil,267646866.0,258802790.0,254658571.0,260962375.0,263156063.0,266634400.0,266710782.0,259763313.0,260990356.0,258917074.0,262320256.0
37,Cape Verde,CPV,oil,505632.0,468992.0,520288.0,556928.0,615552.0,501968.0,494640.0,487312.0,490976.0,538608.0,578912.0
38,Central African Republic,CAF,oil,252816.0,252816.0,252816.0,263808.0,278464.0,293120.0,285792.0,289456.0,293120.0,296784.0,296784.0
39,Chad,TCD,oil,853712.0,926992.0,941648.0,996608.0,1117520.0,560592.0,586240.0,912336.0,619216.0,916000.0,919664.0
40,Chile,CHL,oil,47225296.0,47551392.0,44929147.0,43460925.0,45627792.0,45164525.0,45915623.0,43819832.0,44350748.0,46063808.0,45466576.0
41,China,CHN,oil,927351072.0,970117280.0,982347712.0,1092571824.0,1123858720.0,1176711920.0,1234621903.0,1263072873.0,1327577623.0,1335304496.0,1390824562.0
42,Christmas Island,CXR,oil,0.0,0.0,0.0,0.0,0.0,0.0,0.0,0.0,0.0,0.0,0.0
43,Colombia,COL,oil,33019968.0,33441328.0,35734992.0,35698352.0,35340996.0,38913532.0,47985712.0,47599024.0,36911136.0,53124336.0,47489104.0
44,Comoros,COM,oil,102592.0,106256.0,131904.0,161216.0,135568.0,142896.0,175872.0,153888.0,168544.0,201520.0,238160.0
45,Congo,COG,oil,1132176.0,1241844.0,1575520.0,1736736.0,1930928.0,2479945.0,2531824.0,2400753.0,2198400.0,2209392.0,1974896.0
46,Cook Islands,COK,oil,47632.0,47632.0,43968.0,51296.0,58624.0,62288.0,62288.0,65952.0,62288.0,62288.0,69616.0
47,Costa Rica,CRI,oil,6979920.0,7152128.0,6906640.0,6987248.0,6738096.0,6705120.0,7042208.0,7141136.0,6782064.0,7298970.0,7595472.0
48,Cote d'Ivoire,CIV,oil,3649344.0,3554080.0,2729680.0,3026464.0,3348896.0,5074640.0,5778128.0,5957664.0,5547296.0,7023888.0,7547840.0
49,Croatia,HRV,oil,13503179.0,12528912.0,12481780.0,10602727.0,10456903.0,9742015.0,9105340.0,8992885.0,9421030.0,9371655.0,10014775.0
50,Cuba,CUB,oil,22628864.0,24750320.0,25069088.0,31136374.0,26523366.0,26813152.0,25021456.0,24504832.0,26055080.0,25138331.0,22519320.0
51,Curacao,CUW,oil,5745162.0,5526000.0,5654366.0,3894813.0,4968704.0,5917360.0,5100288.0,5756144.0,5975984.0,5114944.0,4862128.0
52,Cyprus,CYP,oil,7520949.0,7695059.0,7667067.0,7427469.0,7156145.0,6705485.0,5787177.0,5939241.0,6056910.0,6469459.0,6568584.0
53,Czechia,CZE,oil,23073417.0,23011144.0,22180540.0,21158978.0,20929455.0,20475643.0,19658898.0,20711793.0,21280611.0,21304511.0,22051103.0
54,Democratic Republic of Congo,COD,oil,1447280.0,1608496.0,1472928.0,1728946.0,2220384.0,2198400.0,3363552.0,4499392.0,2634416.0,1916092.0,2125120.0
55,Denmark,DNK,oil,24105259.0,23264563.0,22246714.0,21898907.0,20867891.0,19909169.0,19535764.0,19039188.0,19543752.0,19826129.0,19980146.0
56,Djibouti,DJI,oil,461664.0,498304.0,458000.0,516624.0,472656.0,479984.0,498304.0,307776.0,377392.0,329760.0,311440.0
57,Dominica,DMA,oil,183200.0,164880.0,161216.0,172208.0,153888.0,164880.0,168544.0,175872.0,175872.0,179536.0,161216.0
58,Dominican Republic,DOM,oil,15370480.0,15561008.0,15234912.0,15615968.0,15563688.0,15912752.0,14923472.0,14503316.0,16562355.0,17840016.0,16717696.0
59,Ecuador,ECU,oil,29312000.0,24914642.0,27975136.0,30334715.0,32877072.0,32151600.0,33961616.0,37610960.0,35442339.0,34295040.0,34287712.0
60,Egypt,EGY,oil,84762976.0,92404362.0,98719152.0,94254682.0,98548915.0,93025296.0,94639110.0,117713328.0,112023136.0,114870064.0,119036032.0
61,El Salvador,SLV,oil,6324064.0,5888048.0,5833088.0,5811104.0,5983312.0,5932016.0,5627904.0,5759808.0,6327728.0,6250784.0,5627904.0
62,Equatorial Guinea,GNQ,oil,1234768.0,1253088.0,1216448.0,1226785.0,1267744.0,1312350.0,1311712.0,1337360.0,1344688.0,1288967.0,1194464.0
63,Eritrea,ERI,oil,542272.0,388384.0,479984.0,479984.0,498304.0,531280.0,549600.0,560592.0,575248.0,582576.0,611888.0
64,Estonia,EST,oil,3329388.0,3141381.0,2893599.0,3080775.0,3155613.0,3231553.0,3248697.0,3329320.0,3414586.0,3432815.0,3480792.0
65,Eswatini,SWZ,oil,650796.0,619216.0,691191.0,646195.0,650852.0,670512.0,745559.0,722535.0,747456.0,829153.0,824400.0
66,Ethiopia,ETH,oil,5210208.0,5671872.0,5693398.0,5572944.0,6155520.0,6158268.0,7259349.0,8841232.0,8695837.0,9819520.0,10838112.0
67,Faeroe Islands,FRO,oil,688832.0,630208.0,575248.0,630208.0,567920.0,589904.0,677840.0,597232.0,608224.0,630208.0,707152.0
68,Fiji,FJI,oil,1084544.0,824400.0,736464.0,1135840.0,1003936.0,985616.0,1245760.0,1549872.0,2051840.0,1934592.0,1952912.0
69,Finland,FIN,oil,26415603.0,24721213.0,24029192.0,24950946.0,23620090.0,23607072.0,22737360.0,21451486.0,21155687.0,22779034.0,22088069.0
70,France,FRA,oil,232910195.0,228546281.0,224099009.0,222648027.0,215047493.0,210596816.0,209023913.0,203418793.0,204610916.0,202677598.0,202695588.0
71,French Polynesia,PYF,oil,769440.0,795088.0,798752.0,806080.0,776768.0,754784.0,762112.0,740128.0,769440.0,743792.0,747456.0
72,Gabon,GAB,oil,1575520.0,1612160.0,1558547.0,1963904.0,2198400.0,2311984.0,2586784.0,2500571.0,2447552.0,2462208.0,2469536.0
73,Gambia,GMB,oil,348080.0,362736.0,377356.0,428657.0,443344.0,450642.0,428657.0,509270.0,520262.0,527591.0,531280.0
74,Georgia,GEO,oil,2520832.0,2205728.0,2808292.0,2761035.0,2707696.0,2718688.0,2656400.0,2832272.0,3218212.0,3876512.0,3528432.0
75,Germany,DEU,oil,270913087.0,293070831.0,281881313.0,282071446.0,271515390.0,271857769.0,280202800.0,271334700.0,273531220.0,278105824.0,279343246.0
76,Ghana,GHA,oil,8921840.0,8233008.0,6793424.0,8090112.0,8686498.0,11754112.0,11827392.0,11732128.0,12190128.0,13579443.0,9907456.0
77,Greece,GRC,oil,54115565.0,52769379.0,50162760.0,44008993.0,40509138.0,36297424.0,32910252.0,33481488.0,34969396.0,35559540.0,35012712.0
78,Greenland,GRL,oil,637536.0,659520.0,575248.0,663184.0,707152.0,567920.0,534944.0,498304.0,498304.0,498304.0,512960.0
79,Grenada,GRD,oil,238160.0,252816.0,252816.0,260144.0,252816.0,271136.0,304112.0,234496.0,260144.0,267472.0,278464.0
80,Guatemala,GTM,oil,9955744.0,8716656.0,10079664.0,8712992.0,8833904.0,8925504.0,9149008.0,9742576.0,10532843.0,10864993.0,11947178.0
81,Guinea,GIN,oil,1967568.0,1996880.0,2110464.0,2484192.0,2594112.0,2421904.0,2110464.0,2165424.0,2451216.0,2744336.0,2879904.0
82,Guinea-Bissau,GNB,oil,230832.0,227168.0,234496.0,238160.0,245488.0,252816.0,256480.0,271136.0,278464.0,293120.0,293120.0
83,Guyana,GUY,oil,1780704.0,1707424.0,1908944.0,1886960.0,1960240.0,1960240.0,1905280.0,1971232.0,1963904.0,2187408.0,2161760.0
84,Haiti,HTI,oil,2246032.0,2246032.0,2117792.0,1974896.0,2066496.0,2161760.0,2253360.0,2707696.0,3114400.0,3158368.0,3195008.0
85,Honduras,HND,oil,7558832.0,7360976.0,6818704.0,6771610.0,7338992.0,7610128.0,7895920.0,8112571.0,8899856.0,8225680.0,8229344.0
86,Hong Kong,HKG,oil,11732128.0,11710144.0,8863216.0,9438464.0,9236944.0,9599680.0,9427472.0,9267002.0,10211568.0,11054288.0,11842048.0
87,Hungary,HUN,oil,17528522.0,17254840.0,17181999.0,16026014.0,15091326.0,14362385.0,13869945.0,15207567.0,16545464.0,16814404.0,17591967.0
88,Iceland,ISL,oil,2697236.0,2930417.0,2914019.0,2812928.0,2669088.0,2667118.0,2653763.0,2656917.0,2716424.0,2683577.0,2770277.0
89,India,IND,oil,390403142.0,411656206.0,430854802.0,437563102.0,458049457.0,487647302.0,494707949.0,510232333.0,553834416.0,612136920.0,630028955.0
90,Indonesia,IDN,oil,166224688.0,158303120.0,181260245.0,195674233.0,211328528.0,218777440.0,229408315.0,220592833.0,219406061.0,219142417.0,226619977.0
91,Iran,IRN,oil,225180052.0,233944801.0,232916816.0,227534400.0,223695941.0,245121600.0,250742176.0,245400064.0,224649549.0,200955744.0,225295696.0
92,Iraq,IRQ,oil,34985455.0,63149040.0,70718864.0,79391552.0,99338368.0,113147984.0,122525085.0,124617206.0,121072228.0,142536928.0,154745376.0
93,Ireland,IRL,oil,24827482.0,24384958.0,21398429.0,20271981.0,18362237.0,17442108.0,17600156.0,17379299.0,18232246.0,18830078.0,18696988.0
94,Israel,ISR,oil,25131376.0,29207326.0,27135584.0,28113872.0,28000288.0,35143364.0,22952587.0,20281431.0,21867980.0,22786416.0,21610272.0
95,Italy,ITA,oil,230163924.0,219463217.0,198787059.0,193841252.0,186478589.0,172436492.0,159356304.0,158044356.0,161712673.0,155955573.0,148919131.0
96,Jamaica,JAM,oil,10383776.0,10350800.0,7412272.0,7236400.0,7716384.0,7379296.0,7895683.0,6990912.0,7250788.0,7470896.0,7020224.0
97,Japan,JPN,oil,606922613.0,562497182.0,515340384.0,520990215.0,551623241.0,563586194.0,540909090.0,496115766.0,475756398.0,460350372.0,448322988.0
98,Jordan,JOR,oil,14389745.0,12915600.0,12882624.0,13970832.0,18250384.0,20892588.0,19650032.0,22423680.0,18994176.0,14483792.0,15179952.0
99,Kazakhstan,KAZ,oil,55495819.0,52864854.0,39554494.0,51747411.0,39955760.0,39212929.0,49762029.0,40376547.0,41007434.0,42467692.0,44702595.0
100,Kenya,KEN,oil,8155503.0,8412544.0,10321488.0,9687616.0,10200576.0,9284576.0,9796665.0,10247255.0,12517083.0,13249861.0,12706752.0
101,Kiribati,KIR,oil,58624.0,65952.0,54960.0,58624.0,54960.0,51296.0,51296.0,58624.0,62288.0,65952.0,65952.0
102,Kosovo,OWID_KOS,oil,0.0,1641472.0,1674448.0,1597504.0,1740400.0,1622397.0,1645136.0,1586512.0,1953770.0,1912608.0,2165424.0
103,Kuwait,KWT,oil,48059374.0,54362768.0,61749392.0,60005328.0,52191464.0,64072368.0,57554112.0,52730745.0,54002086.0,56467938.0,59542079.0
104,Kyrgyzstan,KGZ,oil,2235040.0,2423079.0,3121728.0,2755328.0,3638352.0,4671600.0,4796176.0,4400464.0,4832816.0,5111280.0,4792512.0
105,Laos,LAO,oil,1464837.0,1678112.0,1930928.0,1905280.0,1923600.0,2046689.0,2297328.0,2414576.0,2893419.0,2916544.0,2986160.0
106,Latvia,LVA,oil,4832346.0,4471226.0,4071691.0,4250956.0,3816193.0,3730038.0,3771728.0,3890909.0,4066686.0,4059111.0,4277008.0
107,Lebanon,LBN,oil,10981008.0,14593712.0,17818472.0,16378080.0,17059584.0,19316608.0,19122416.0,20752896.0,22713136.0,23522880.0,24955504.0
108,Lesotho,LSO,oil,421360.0,443344.0,505632.0,523952.0,549600.0,593568.0,592671.0,574382.0,619216.0,649537.0,820736.0
109,Liberia,LBR,oil,567920.0,498304.0,447008.0,732800.0,820736.0,916000.0,802416.0,1077216.0,1088208.0,1264080.0,1121184.0
110,Libya,LBY,oil,29621968.0,33069781.0,37184646.0,38524659.0,25252288.0,33390032.0,35042496.0,35915941.0,31972064.0,25483120.0,26168288.0
111,Liechtenstein,LIE,oil,130099.0,146669.0,147831.0,130242.0,123207.0,130814.0,134723.0,113179.0,108406.0,98906.0,102799.0
112,Lithuania,LTU,oil,7533678.0,7803608.0,6872620.0,6828734.0,6504330.0,6741614.0,6537125.0,6791778.0,7111163.0,7655086.0,7739132.0
113,Luxembourg,LUX,oil,7695770.0,7776611.0,7208513.0,7587851.0,7858474.0,7627327.0,7500777.0,7102438.0,6814525.0,6673474.0,6865297.0
114,Macao,MAC,oil,1363008.0,974112.0,1707424.0,937101.0,1143168.0,1124848.0,981952.0,1169662.0,1795360.0,1751392.0,1582848.0
115,Madagascar,MDG,oil,1652179.0,1773376.0,1663456.0,1769712.0,1894288.0,1955519.0,1927264.0,1989552.0,2374272.0,2238704.0,2333968.0
116,Malawi,MWI,oil,740128.0,845548.0,863920.0,784096.0,799861.0,823409.0,853712.0,714480.0,784096.0,928056.0,1066224.0
117,Malaysia,MYS,oil,69674624.0,71170824.0,65303472.0,74331568.0,72526433.0,75271943.0,86675584.0,89556847.0,76992840.0,87674550.0,81274848.0
118,Maldives,MDV,oil,780432.0,842720.0,883024.0,934320.0,985616.0,1110192.0,1091872.0,1315376.0,1300720.0,1443616.0,1498576.0
119,Mali,MLI,oil,1297056.0,1557200.0,1784368.0,1974896.0,2158096.0,2297328.0,2476864.0,2649072.0,2850592.0,2861584.0,2876240.0
120,Malta,MLT,oil,2735589.0,2747046.0,2532394.0,2581510.0,2577812.0,2761151.0,2435280.0,2439871.0,1733363.0,1398340.0,1000353.0
121,Marshall Islands,MHL,oil,124576.0,128240.0,131904.0,135568.0,139232.0,135568.0,139232.0,142896.0,142896.0,142896.0,146560.0
122,Mauritania,MRT,oil,1637808.0,1773376.0,1960240.0,1960240.0,2110464.0,2330304.0,2044512.0,2498848.0,2887232.0,2762656.0,3737280.0
123,Mauritius,MUS,oil,2363280.0,2224048.0,2297328.0,2341296.0,2410912.0,2377936.0,2396256.0,2471048.0,2524496.0,2630752.0,2751664.0
124,Mexico,MEX,oil,286649376.0,288397104.0,272740832.0,259678672.0,272512081.0,290157986.0,277694560.0,269274688.0,258874271.0,251592224.0,245839744.0
125,Micronesia (country),FSM,oil,131904.0,109920.0,146560.0,102592.0,117248.0,124576.0,135568.0,135568.0,142896.0,142896.0,142896.0
126,Moldova,MDA,oil,1930928.0,2033520.0,1974896.0,2172752.0,2268016.0,2084816.0,2147104.0,2176416.0,2290000.0,2464059.0,2553808.0
127,Mongolia,MNG,oil,2396256.0,2553808.0,2327292.0,2469536.0,3066768.0,3477136.0,3671637.0,3389200.0,3364083.0,3048889.0,3891168.0
128,Montenegro,MNE,oil,1031423.0,1093410.0,864704.0,798752.0,730247.0,707152.0,698634.0,688832.0,743792.0,831728.0,901344.0
129,Montserrat,MSR,oil,40304.0,47632.0,47632.0,65952.0,40304.0,43968.0,51296.0,47632.0,58624.0,29312.0,29312.0
130,Morocco,MAR,oil,27588306.0,30678672.0,30883856.0,34478240.0,36574048.0,37257914.0,36973424.0,34457754.0,34080959.0,34654112.0,36830528.0
131,Mozambique,MOZ,oil,1836283.0,1750631.0,1963904.0,2114128.0,2425568.0,2315648.0,3158368.0,5521648.0,3519481.0,5620576.0,5924688.0
132,Myanmar,MMR,oil,5558288.0,5155248.0,3855916.0,7494976.0,7694400.0,6252706.0,7152128.0,9665632.0,9938786.0,14285936.0,12241424.0
133,Namibia,NAM,oil,2202064.0,2474136.0,2670583.0,2817616.0,2564800.0,2857393.0,2191072.0,3305290.0,3513776.0,3685984.0,3642372.0
134,Nauru,NRU,oil,43968.0,43968.0,40304.0,43968.0,40304.0,43968.0,47632.0,51296.0,54960.0,43968.0,47632.0
135,Nepal,NPL,oil,1707424.0,2492469.0,2967840.0,3202336.0,3312256.0,3612704.0,4034064.0,4572672.0,3138362.0,5389744.0,6287424.0
136,Netherlands,NLD,oil,58544534.0,58983522.0,55719361.0,56897708.0,56330643.0,54518773.0,52824328.0,52394958.0,51962116.0,53309444.0,53229552.0
137,New Caledonia,NCL,oil,2253360.0,2155329.0,2155408.0,2287646.0,2322976.0,2337632.0,2572128.0,3044784.0,2815439.0,2846928.0,2564800.0
138,New Zealand,NZL,oil,18871539.0,18745508.0,18003705.0,18134951.0,18223784.0,18075457.0,18400150.0,18703832.0,19255758.0,19420197.0,20285761.0
139,Nicaragua,NIC,oil,4338176.0,4154976.0,4235584.0,4231920.0,4532368.0,4305200.0,4100016.0,4327184.0,4979376.0,5177232.0,5103952.0
140,Niger,NER,oil,467714.0,509296.0,666848.0,828064.0,926992.0,1341024.0,1538880.0,1678112.0,1689104.0,1685440.0,1659792.0
141,Nigeria,NGA,oil,27260160.0,33499952.0,27252832.0,58741248.0,69441833.0,55857680.0,62267816.0,66622512.0,54196142.0,60554928.0,73558464.0
142,Niue,NIU,oil,3664.0,7328.0,3664.0,3664.0,7328.0,7328.0,7328.0,10992.0,7328.0,7328.0,7328.0
143,North Korea,PRK,oil,2623424.0,2685712.0,2590448.0,2568277.0,2641744.0,2531824.0,2733344.0,2609079.0,2986160.0,3198672.0,2931691.0
144,North Macedonia,MKD,oil,3096080.0,2777312.0,2811487.0,2743154.0,2766320.0,2700368.0,2634416.0,2634416.0,2780976.0,2854256.0,2876240.0
145,Norway,NOR,oil,25133161.0,24568108.0,24013296.0,25241304.0,25018594.0,24795695.0,24904215.0,24196654.0,23833458.0,23332081.0,22148508.0
146,Oman,OMN,oil,18147792.0,9289046.0,7566843.0,8540784.0,10613879.0,12436391.0,10515051.0,10640901.0,8756440.0,6833360.0,12944912.0
147,Pakistan,PAK,oil,57876544.0,58928112.0,58308896.0,62145104.0,60503632.0,63618032.0,61042240.0,61000494.0,72880624.0,97931392.0,104750096.0
148,Palau,PLW,oil,252816.0,205184.0,197856.0,208848.0,216176.0,216176.0,219840.0,223504.0,223504.0,223504.0,230832.0
149,Palestine,PSE,oil,2322976.0,2051840.0,2088480.0,2033520.0,2246032.0,2198400.0,2436560.0,2835936.0,3004480.0,3231648.0,3268288.0
150,Panama,PAN,oil,6239792.0,6507264.0,7606464.0,8485824.0,8632864.0,8013168.0,9541056.0,9072064.0,9086720.0,8778944.0,10878416.0
151,Papua New Guinea,PNG,oil,5855072.0,4502835.0,4788848.0,4371152.0,4921018.0,4715568.0,5070976.0,5466688.0,5554118.0,5821587.0,5613248.0
152,Paraguay,PRY,oil,3832544.0,4048720.0,4257568.0,4770528.0,4990368.0,4876571.0,4950064.0,5199216.0,5690192.0,6800139.0,7661424.0
153,Peru,PER,oil,22500624.0,21423408.0,23664075.0,23193120.0,23911264.0,25695632.0,23273728.0,24849248.0,24993918.0,27943364.0,31072204.0
154,Philippines,PHL,oil,36640000.0,39228632.0,38655200.0,41597392.0,38982992.0,41432512.0,41315264.0,43213216.0,49858090.0,53549360.0,55788064.0
155,Poland,POL,oil,65999356.0,67185030.0,68006208.0,70906532.0,70556874.0,67280969.0,62592809.0,62313090.0,65730878.0,73996626.0,83599778.0
156,Portugal,PRT,oil,35563883.0,34227448.0,32158237.0,31316420.0,28436559.0,25571721.0,24955253.0,24982247.0,25646726.0,25564253.0,25924172.0
157,Puerto Rico,PRI,oil,0.0,0.0,0.0,0.0,0.0,0.0,0.0,0.0,0.0,0.0,0.0
158,Qatar,QAT,oil,12486185.0,14414176.0,14765920.0,15201936.0,10123632.0,7371968.0,10325609.0,4429929.0,2649072.0,2458632.0,8830546.0
159,Romania,ROU,oil,30349645.0,29119027.0,25189832.0,24296883.0,24607342.0,25592642.0,24174171.0,25010280.0,25440894.0,26551704.0,28610373.0
160,Russia,RUS,oil,324906344.0,342160792.0,321193498.0,331838652.0,344102996.0,351757548.0,354628057.0,384582113.0,407434226.0,402568969.0,415075022.0
161,Rwanda,RWA,oil,505337.0,490976.0,527377.0,542017.0,611888.0,685168.0,747204.0,769440.0,850048.0,861040.0,883024.0
162,Saint Helena,SHN,oil,10992.0,10992.0,10992.0,10992.0,10992.0,10992.0,10992.0,10992.0,10992.0,10992.0,10992.0
163,Saint Kitts and Nevis,KNA,oil,216176.0,216176.0,223504.0,219840.0,230832.0,219840.0,223504.0,230832.0,234496.0,238160.0,241824.0
164,Saint Lucia,LCA,oil,293120.0,300448.0,329760.0,366400.0,333424.0,329760.0,307776.0,348080.0,359072.0,333424.0,351744.0
165,Saint Pierre and Miquelon,SPM,oil,65952.0,65952.0,65952.0,69616.0,69616.0,69616.0,73280.0,76944.0,76944.0,76944.0,76944.0
166,Saint Vincent and the Grenadines,VCT,oil,260144.0,190528.0,311440.0,219840.0,197856.0,252816.0,208848.0,274800.0,212512.0,252816.0,256480.0
167,Samoa,WSM,oil,172208.0,179536.0,186864.0,186864.0,201520.0,197856.0,197856.0,208848.0,234496.0,245488.0,256480.0
168,Sao Tome and Principe,STP,oil,84272.0,84272.0,91600.0,98928.0,102592.0,113584.0,113584.0,113584.0,113584.0,120912.0,124576.0
169,Saudi Arabia,SAU,oil,258465888.0,288814800.0,326066688.0,359647248.0,335710336.0,386218576.0,359383440.0,412895047.0,415164176.0,323989200.0,334574496.0
170,Senegal,SEN,oil,2912880.0,2934864.0,2660064.0,4990368.0,5051319.0,4697248.0,4934021.0,5726832.0,6859008.0,6826032.0,6104224.0
171,Serbia,SRB,oil,13597104.0,10273856.0,10152944.0,9584252.0,9295568.0,8892528.0,8214688.0,8214688.0,8488776.0,8889588.0,8870544.0
172,Seychelles,SYC,oil,641200.0,692496.0,523952.0,443344.0,326096.0,421360.0,329760.0,487312.0,479984.0,593568.0,586240.0
173,Sierra Leone,SLE,oil,516624.0,534944.0,534944.0,575248.0,743792.0,861040.0,1033248.0,1139504.0,905008.0,930656.0,937984.0
174,Singapore,SGP,oil,32770816.0,42484080.0,76372416.0,41736624.0,15238576.0,31766880.0,34906928.0,34320688.0,40824288.0,18396944.0,16849156.0
175,Sint Maarten (Dutch part),SXM,oil,675901.0,650118.0,665220.0,458213.0,584553.0,696160.0,714480.0,732800.0,754784.0,762112.0,751120.0
176,Slovakia,SVK,oil,9415870.0,9758438.0,9124070.0,9445246.0,8974923.0,9222204.0,8992531.0,8853110.0,9655230.0,10020165.0,10104818.0
177,Slovenia,SVN,oil,7577061.0,8757089.0,7713326.0,7572433.0,7687011.0,7550266.0,7184577.0,6936260.0,6866761.0,7230842.0,6984234.0
178,Solomon Islands,SLB,oil,300448.0,307776.0,318768.0,329760.0,344416.0,348080.0,373728.0,329760.0,293120.0,289456.0,285792.0
179,Somalia,SOM,oil,608224.0,600896.0,597232.0,611888.0,611888.0,608224.0,630208.0,630208.0,630208.0,637536.0,637536.0
180,South Africa,ZAF,oil,59327955.0,63233780.0,77115645.0,46323952.0,60232496.0,49456279.0,49500640.0,54938016.0,49962304.0,45437264.0,50940592.0
181,South Korea,KOR,oil,184557966.0,169782432.0,165353859.0,174777605.0,165052208.0,164943332.0,163673523.0,156146006.0,172871184.0,188153728.0,182915291.0
182,South Sudan,SSD,oil,1173199.0,1239105.0,1290671.0,1313250.0,1281212.0,1330032.0,1447280.0,1535216.0,1941920.0,1725744.0,1491248.0
183,Spain,ESP,oil,184055491.0,173992496.0,161838701.0,157199300.0,146822042.0,135526513.0,130228340.0,130896067.0,137448316.0,141526115.0,142359612.0
184,Sri Lanka,LKA,oil,11336416.0,11079936.0,11995936.0,12160816.0,13003536.0,13099438.0,11922656.0,13091472.0,13740000.0,16473344.0,16231520.0
185,Sudan,SDN,oil,12778211.0,13536944.0,13945979.0,13651012.0,12867905.0,13197728.0,14798896.0,15297200.0,18726704.0,17755744.0,20159328.0
186,Suriname,SUR,oil,1722080.0,1897952.0,1963904.0,2366944.0,2139776.0,2579456.0,2682048.0,2769984.0,2663821.0,2260688.0,2451312.0
187,Sweden,SWE,oil,37022719.0,35621725.0,34661454.0,36393747.0,34034145.0,32656085.0,31237165.0,30253133.0,30312209.0,29961273.0,29149197.0
188,Switzerland,CHE,oil,34176116.0,35216041.0,34409043.0,35021825.0,31820331.0,32672885.0,33225254.0,30166448.0,29468262.0,29556072.0,28617616.0
189,Syria,SYR,oil,51339968.0,52919152.0,45185426.0,39842336.0,38017664.0,28976158.0,23560778.0,19043160.0,18745024.0,19737968.0,16978976.0
190,Taiwan,TWN,oil,84711680.0,76460352.0,73311891.0,73965168.0,71964624.0,67992848.0,67603504.0,68656032.0,66941280.0,70374448.0,68788862.0
191,Tajikistan,TJK,oil,1520560.0,1472928.0,1597504.0,1687900.0,1454608.0,1837014.0,1836991.0,2551742.0,2843264.0,2779373.0,2375408.0
192,Tanzania,TZA,oil,3983899.0,4143984.0,3777584.0,4559293.0,4984368.0,6004039.0,6896772.0,6415664.0,7064192.0,6968928.0,6796720.0
193,Thailand,THA,oil,106679050.0,98396720.0,104553814.0,107191851.0,107567712.0,113194081.0,118303232.0,117874544.0,117105104.0,121322368.0,124414784.0
194,Timor,TLS,oil,183200.0,201520.0,227168.0,234496.0,245488.0,293120.0,443344.0,512960.0,501968.0,494640.0,498304.0
195,Togo,TGO,oil,912336.0,1051568.0,2194736.0,2044512.0,1864976.0,1575520.0,1614640.0,1729408.0,1799024.0,2268782.0,2235040.0
196,Tonga,TON,oil,113584.0,120912.0,131904.0,117248.0,102592.0,106256.0,113584.0,113584.0,120912.0,128240.0,157552.0
197,Trinidad and Tobago,TTO,oil,4964720.0,5016016.0,4788848.0,4638624.0,4906096.0,4722896.0,3854528.0,4759160.0,5133264.0,4056048.0,5114475.0
198,Tunisia,TUN,oil,12225006.0,11972099.0,11552592.0,11497632.0,10772160.0,10823456.0,11387712.0,11851484.0,13571456.0,13183072.0,13296656.0
199,Turkey,TUR,oil,87131233.0,85824783.0,83352605.0,79711887.0,82936372.0,88627500.0,93518654.0,97991811.0,107628226.0,115882867.0,118447793.0
200,Turkmenistan,TKM,oil,15678256.0,16202208.0,15253232.0,16986304.0,17752080.0,18575427.0,19093104.0,19979792.0,20111696.0,19968800.0,19998112.0
201,Turks and Caicos Islands,TCA,oil,164880.0,172208.0,179536.0,183200.0,183200.0,183200.0,186864.0,197856.0,205184.0,216176.0,230832.0
202,Tuvalu,TUV,oil,10992.0,10992.0,10992.0,7328.0,7328.0,10992.0,10992.0,10992.0,10992.0,10992.0,10992.0
203,Uganda,UGA,oil,2564800.0,2594112.0,2799296.0,3246304.0,3429504.0,3198672.0,3396528.0,3704304.0,4173296.0,4433440.0,4854800.0
204,Ukraine,UKR,oil,43133052.0,43887102.0,42689904.0,39808186.0,39770937.0,38465607.0,37338756.0,35338581.0,30487397.0,34121100.0,35340085.0
205,United Arab Emirates,ARE,oil,33796736.0,35068976.0,42299945.0,28308728.0,29777328.0,72331024.0,71172025.0,66141400.0,90020816.0,77698784.0,34013575.0
206,United Kingdom,GBR,oil,197196608.0,190221863.0,181624028.0,181064571.0,173173823.0,171228743.0,166627084.0,167300124.0,171345922.0,174291068.0,175498086.0
207,United States,USA,oil,2552281118.0,2382246442.0,2247611837.0,2275387757.0,2229306392.0,2182229085.0,2224935006.0,2242390548.0,2278793950.0,2285330482.0,2301966677.0
208,Uruguay,URY,oil,5485008.0,7775008.0,7404944.0,5814768.0,7122573.0,8137558.0,7049536.0,6228800.0,6261984.0,6111329.0,5745152.0
209,Uzbekistan,UZB,oil,12999872.0,12717744.0,11911664.0,10068672.0,9482432.0,8416476.0,10126957.0,9464112.0,10280814.0,9977072.0,9566704.0
210,Vanuatu,VUT,oil,98928.0,95264.0,120912.0,120912.0,131904.0,113584.0,106256.0,153888.0,131904.0,146560.0,139232.0
211,Venezuela,VEN,oil,85646000.0,102251248.0,105010240.0,119985008.0,100844272.0,115309744.0,103680208.0,104145536.0,88894212.0,76890973.0,61942035.0
212,Vietnam,VNM,oil,37356804.0,40421248.0,43341456.0,49302784.0,47177664.0,44209824.0,43909376.0,46195712.0,55051600.0,54014688.0,56956880.0
213,Wallis and Futuna,WLF,oil,29312.0,21984.0,29312.0,29312.0,25648.0,25648.0,21984.0,21984.0,21984.0,25648.0,25648.0
214,World,OWID_WRL,oil,11221838282.0,11199617340.0,10989511680.0,11288151270.0,11294422961.0,11523496385.0,11629568938.0,11744752045.0,11914683326.0,11969329059.0,12174822437.0
215,Yemen,YEM,oil,20093376.0,21141280.0,22515280.0,20086048.0,17436976.0,15318584.0,21320816.0,20752896.0,9614336.0,8244000.0,7749360.0
216,Zambia,ZMB,oil,1366672.0,1575520.0,1659792.0,1747728.0,2056494.0,2528160.0,2594112.0,2920208.0,2998195.0,2938528.0,3572400.0
217,Zimbabwe,ZWE,oil,1872304.0,1608496.0,1647702.0,1948343.0,3267029.0,3702543.0,4119633.0,3737280.0,3631024.0,3173024.0,3282944.0
0,Afghanistan,AFG,coal,748664.0,1077216.0,1513232.0,2246032.0,4180624.0,3125392.0,3326912.0,3704304.0,2843264.0,2878332.0,3447824.0
1,Albania,ALB,coal,73210.0,102592.0,388384.0,428688.0,534944.0,626544.0,795088.0,1028913.0,359072.0,190683.0,439680.0
2,Algeria,DZA,coal,3011808.0,3008245.0,1593840.0,1216486.0,1047872.0,1036882.0,725472.0,545936.0,501968.0,0.0,795088.0
3,Angola,AGO,coal,0.0,0.0,0.0,0.0,0.0,0.0,0.0,0.0,0.0,0.0,0.0
4,Argentina,ARG,coal,3660336.0,3876512.0,3231648.0,3990096.0,4722987.0,5008688.0,4840051.0,5536412.0,5466688.0,4191616.0,4279468.0
5,Armenia,ARM,coal,7333.0,7328.0,0.0,3664.0,7328.0,7328.0,3664.0,0.0,3664.0,3664.0,3664.0
6,Australia,AUS,coal,203431728.0,204525897.0,206050385.0,200536249.0,192124544.0,189138286.0,176346996.0,168130343.0,174188664.0,179549565.0,176906195.0
7,Austria,AUT,coal,17455146.0,17028331.0,12832643.0,15501043.0,15819384.0,14687176.0,14960277.0,13804274.0,14372978.0,13334886.0,14020856.0
8,Azerbaijan,AZE,coal,21981.0,14656.0,14656.0,21984.0,18322.0,14656.0,10992.0,7328.0,10992.0,3664.0,3664.0
9,Bahamas,BHS,coal,3664.0,3664.0,3664.0,3664.0,3664.0,3664.0,3669.0,3664.0,3671.0,3671.0,3664.0
10,Bahrain,BHR,coal,0.0,0.0,0.0,0.0,0.0,0.0,0.0,0.0,0.0,0.0,0.0
11,Bangladesh,BGD,coal,2209392.0,2469536.0,3015472.0,3073905.0,2835936.0,3422176.0,3748070.0,3506626.0,8606736.0,6074912.0,7152128.0
12,Barbados,BRB,coal,0.0,0.0,0.0,0.0,0.0,0.0,0.0,0.0,0.0,0.0,0.0
13,Belarus,BLR,coal,2813395.0,2584482.0,2653727.0,2906645.0,2944441.0,3219835.0,3210646.0,3074665.0,2808539.0,3170798.0,3290516.0
14,Belgium,BEL,coal,23155922.0,23257226.0,15159263.0,17524469.0,16689658.0,15076301.0,15329208.0,14764570.0,14425964.0,13676853.0,13404572.0
15,Benin,BEN,coal,0.0,0.0,0.0,0.0,0.0,0.0,0.0,186733.0,109920.0,318768.0,337258.0
16,Bermuda,BMU,coal,0.0,0.0,0.0,0.0,0.0,0.0,0.0,0.0,0.0,0.0,0.0
17,Bhutan,BTN,coal,80608.0,114607.0,58624.0,76944.0,95264.0,138587.0,193373.0,252816.0,212512.0,312419.0,381056.0
18,Bolivia,BOL,coal,0.0,0.0,0.0,0.0,0.0,0.0,0.0,0.0,0.0,0.0,0.0
19,Bosnia and Herzegovina,BIH,coal,12688432.0,14575392.0,15319184.0,15869699.0,18484880.0,17232605.0,17085232.0,14549744.0,13490848.0,16153634.0,16458688.0
20,Botswana,BWA,coal,1934592.0,1952912.0,1577016.0,1991156.0,1430260.0,2326640.0,2773648.0,3843536.0,2898224.0,3572400.0,4253904.0
21,Brazil,BRA,coal,55300752.0,55960811.0,44458976.0,58495760.0,64112672.0,62892560.0,68784272.0,73605580.0,74409063.0,67263712.0,70407424.0
22,Brunei,BRN,coal,0.0,0.0,0.0,0.0,0.0,0.0,0.0,0.0,0.0,0.0,0.0
23,Bulgaria,BGR,coal,33367825.0,32492310.0,27236910.0,29298743.0,34485745.0,29417049.0,25001701.0,26583342.0,27680239.0,24156500.0,25793896.0
24,Burundi,BDI,coal,10796.0,14656.0,14656.0,18320.0,10992.0,29033.0,21984.0,14800.0,7260.0,14656.0,18320.0
25,Cambodia,KHM,coal,0.0,0.0,29335.0,51296.0,58624.0,62288.0,205184.0,956304.0,2316640.0,2682048.0,3986432.0
26,Cameroon,CMR,coal,0.0,0.0,0.0,0.0,0.0,0.0,0.0,0.0,0.0,0.0,0.0
27,Canada,CAN,coal,118793126.0,112632130.0,93378892.0,96235577.0,87255015.0,81778683.0,79233944.0,76384704.0,77743683.0,72861400.0,72708298.0
28,Cape Verde,CPV,coal,0.0,0.0,0.0,0.0,0.0,0.0,0.0,0.0,0.0,0.0,0.0
29,Chile,CHL,coal,13007200.0,16733488.0,13431481.0,16525485.0,20848160.0,23476319.0,25396312.0,24388728.0,27167352.0,27007344.0,27740144.0
30,China,CHN,coal,5289903664.0,5729473744.0,6028500112.0,6568793552.0,7309786256.0,7464806432.0,7493454393.0,7425069470.0,7266978833.0,7071406416.0,7137264119.0
31,Colombia,COL,coal,8053472.0,10768496.0,11801744.0,13472528.0,13784637.0,11541063.0,13121322.0,14612032.0,19144400.0,19455840.0,15396128.0
32,Costa Rica,CRI,coal,58624.0,3664.0,10992.0,3664.0,25648.0,10992.0,21984.0,25648.0,3664.0,3662.0,18320.0
33,Croatia,HRV,coal,2776955.0,2848921.0,2029060.0,2738199.0,2794497.0,2483775.0,2677987.0,2569636.0,2376274.0,2561225.0,1551263.0
34,Cuba,CUB,coal,73280.0,91600.0,87936.0,76952.0,10993.0,14656.0,36640.0,3664.0,21981.0,7329.0,14654.0
35,Cyprus,CYP,coal,118538.0,110646.0,58847.0,70815.0,30581.0,1209.0,1207.0,9150.0,14692.0,1955.0,11698.0
36,Czechia,CZE,coal,83596327.0,78643389.0,73360878.0,74615893.0,73702359.0,70450916.0,67272006.0,65374257.0,64753499.0,65231257.0,62836858.0
37,Democratic Republic of Congo,COD,coal,0.0,0.0,0.0,0.0,0.0,0.0,0.0,0.0,0.0,0.0,0.0
38,Denmark,DNK,coal,18420200.0,16137481.0,15786335.0,15351440.0,12915848.0,10079072.0,12755622.0,10144110.0,7243307.0,8414050.0,6256483.0
39,Dominican Republic,DOM,coal,1930928.0,2110464.0,2062832.0,1850320.0,2513937.0,1985888.0,2440224.0,3194466.0,2890444.0,2872576.0,3342073.0
40,Egypt,EGY,coal,2916544.0,2854203.0,2689376.0,4125589.0,1700067.0,1802688.0,1700126.0,1494912.0,1344688.0,1608496.0,1392320.0
41,El Salvador,SLV,coal,0.0,0.0,0.0,0.0,0.0,0.0,0.0,0.0,0.0,0.0,0.0
42,Estonia,EST,coal,14145696.0,12220786.0,9966890.0,14056024.0,14070435.0,12565620.0,14430932.0,13973995.0,11259152.0,12741474.0,13894038.0
43,Eswatini,SWZ,coal,400772.0,414032.0,382361.0,368733.0,375068.0,520288.0,800649.0,178809.0,230832.0,350655.0,161216.0
44,Ethiopia,ETH,coal,0.0,40304.0,109982.0,131904.0,450672.0,593833.0,772817.0,1073552.0,1091558.0,1395984.0,1538880.0
45,Faeroe Islands,FRO,coal,0.0,0.0,0.0,0.0,0.0,0.0,0.0,0.0,0.0,0.0,0.0
46,Fiji,FJI,coal,0.0,0.0,0.0,0.0,0.0,0.0,0.0,0.0,0.0,0.0,0.0
47,Finland,FIN,coal,30341912.0,23666563.0,22889534.0,29137356.0,24069112.0,19582738.0,21358402.0,19308944.0,16837637.0,18641822.0,17083014.0
48,France,FRA,coal,60846114.0,55755753.0,47948598.0,52019835.0,44580417.0,49092794.0,51293456.0,40151305.0,38558979.0,35528481.0,40010416.0
49,Georgia,GEO,coal,381056.0,454336.0,509599.0,798283.0,1077216.0,1179808.0,1205456.0,1139504.0,1084955.0,1011264.0,1128512.0
50,Germany,DEU,coal,379384805.0,356218756.0,317945854.0,343446644.0,344695751.0,349766708.0,356836014.0,344848417.0,341011469.0,329443014.0,310736202.0
51,Ghana,GHA,coal,0.0,0.0,0.0,0.0,0.0,0.0,0.0,0.0,0.0,0.0,0.0
52,Greece,GRC,coal,45192546.0,43285276.0,42242941.0,41259858.0,42115651.0,43295500.0,37314761.0,35256144.0,29993382.0,23615666.0,26046551.0
53,Greenland,GRL,coal,0.0,0.0,0.0,0.0,0.0,0.0,0.0,0.0,0.0,0.0,0.0
54,Guatemala,GTM,coal,1186777.0,1183472.0,769440.0,1286064.0,1289728.0,1513232.0,2279008.0,2469536.0,3536602.0,4154047.0,3910319.0
55,Guyana,GUY,coal,0.0,0.0,0.0,0.0,0.0,0.0,0.0,0.0,0.0,0.0,0.0
56,Haiti,HTI,coal,0.0,0.0,0.0,0.0,0.0,0.0,0.0,0.0,0.0,0.0,0.0
57,Honduras,HND,coal,326096.0,447008.0,542272.0,556671.0,663184.0,707152.0,688832.0,567697.0,523952.0,670512.0,1011264.0
58,Hong Kong,HKG,coal,27604576.0,25963104.0,27113600.0,23588832.0,28062576.0,27626560.0,29447568.0,30853363.0,25373200.0,25373200.0,23768368.0
59,Hungary,HUN,coal,13569869.0,13061161.0,11196484.0,11657087.0,11971404.0,11460299.0,10179830.0,10201024.0,10528400.0,9797052.0,10066061.0
60,Iceland,ISL,coal,598126.0,641052.0,623141.0,644711.0,639488.0,658974.0,661003.0,625165.0,661181.0,660089.0,693221.0
61,India,IND,coal,844065308.0,912512326.0,985801868.0,1018777120.0,1078259360.0,1225745910.0,1318073822.0,1447232990.0,1473541370.0,1541435738.0,1585273921.0
62,Indonesia,IDN,coal,128676016.0,173113008.0,173415686.0,129319765.0,184592320.0,192026576.0,79335882.0,91434311.0,153351947.0,213675764.0,178910701.0
63,Iran,IRN,coal,6576927.0,5858696.0,4393136.0,5448368.0,5312834.0,4129328.0,4118336.0,3590720.0,4301511.0,3451488.0,4708240.0
64,Iraq,IRQ,coal,0.0,0.0,0.0,0.0,0.0,0.0,0.0,0.0,0.0,0.0,0.0
65,Ireland,IRL,coal,9670648.0,9643893.0,8604642.0,8381635.0,8310565.0,9622314.0,8750427.0,8568571.0,9193203.0,8886461.0,7679321.0
66,Israel,ISR,coal,30308608.0,29584738.0,27087952.0,28069904.0,29000560.0,32575026.0,26715727.0,25305070.0,25088817.0,20833504.0,18832960.0
67,Italy,ITA,coal,69146883.0,67106109.0,51648178.0,56988300.0,64284730.0,65937808.0,56666144.0,55240223.0,52775230.0,48087568.0,41573658.0
68,Jamaica,JAM,coal,95264.0,128240.0,135568.0,113584.0,212512.0,194192.0,234598.0,274800.0,267597.0,256480.0,216176.0
69,Japan,JPN,coal,444773280.0,426090402.0,411066666.0,445740206.0,430271497.0,449806609.0,480877097.0,472226311.0,465628827.0,456358254.0,458309051.0
70,Jordan,JOR,coal,0.0,0.0,0.0,0.0,0.0,0.0,831728.0,1315376.0,681504.0,853712.0,578912.0
71,Kazakhstan,KAZ,coal,126599585.0,123122724.0,133441852.0,143275411.0,140173987.0,151304614.0,149154997.0,170653515.0,170223617.0,166388383.0,174680860.0
72,Kenya,KEN,coal,399528.0,410368.0,366400.0,626544.0,1014928.0,908672.0,1004222.0,1246090.0,1322408.0,1304106.0,1227440.0
73,Kosovo,OWID_KOS,coal,0.0,5514320.0,6261776.0,6613520.0,6408336.0,6046450.0,6144528.0,5353104.0,6154560.0,6668480.0,5602256.0
74,Kyrgyzstan,KGZ,coal,2304656.0,3192892.0,2751664.0,2682048.0,2865248.0,4015744.0,3576064.0,4503056.0,4338176.0,3480800.0,3389200.0
75,Laos,LAO,coal,212934.0,296784.0,351744.0,637536.0,751120.0,784931.0,1135840.0,1190800.0,5149553.0,10581632.0,14165024.0
76,Latvia,LVA,coal,448425.0,435166.0,358266.0,450019.0,436937.0,395833.0,314524.0,252902.0,200542.0,175728.0,174714.0
77,Lebanon,LBN,coal,501968.0,501968.0,501877.0,564256.0,626544.0,626544.0,501968.0,626544.0,626544.0,626544.0,626544.0
78,Lesotho,LSO,coal,1652464.0,1681776.0,1711088.0,1751392.0,1777040.0,1802688.0,1829233.0,1854850.0,1707424.0,1710079.0,1707424.0
79,Libya,LBY,coal,0.0,0.0,0.0,0.0,0.0,0.0,0.0,0.0,0.0,0.0,0.0
80,Liechtenstein,LIE,coal,13.0,10.0,5.0,5.0,5.0,0.0,0.0,0.0,0.0,0.0,0.0
81,Lithuania,LTU,coal,1024926.0,867359.0,688945.0,842852.0,972862.0,950419.0,1091504.0,921195.0,735888.0,748808.0,801036.0
82,Luxembourg,LUX,coal,407653.0,355641.0,339359.0,332275.0,314882.0,285579.0,274291.0,288430.0,288211.0,299810.0,282282.0
83,Macao,MAC,coal,0.0,0.0,3664.0,0.0,0.0,0.0,0.0,0.0,0.0,0.0,0.0
84,Madagascar,MDG,coal,25701.0,32976.0,36640.0,106256.0,406704.0,697089.0,1128512.0,1018592.0,1051568.0,1025920.0,1458272.0
85,Malawi,MWI,coal,157552.0,150728.0,139698.0,168544.0,244706.0,216880.0,219840.0,201520.0,227168.0,215572.0,216176.0
86,Malaysia,MYS,coal,29934880.0,38036673.0,46591424.0,55337392.0,55543508.0,59868747.0,57990128.0,57866430.0,66319440.0,71718068.0,78607456.0
87,Malta,MLT,coal,34.0,20.0,32.0,32.0,43.0,11.0,11.0,23.0,23.0,12.0,12.0
88,Mauritania,MRT,coal,0.0,0.0,0.0,0.0,0.0,0.0,0.0,0.0,0.0,0.0,0.0
89,Mauritius,MUS,coal,1322704.0,1542544.0,1410640.0,1571856.0,1505904.0,1586512.0,1670784.0,1735224.0,1685440.0,1714752.0,1784368.0
90,Mexico,MEX,coal,45840304.0,40783984.0,40813296.0,51054176.0,56041308.0,49222543.0,49976960.0,48943712.0,44114222.0,47621008.0,48529680.0
91,Moldova,MDA,coal,168544.0,326096.0,348080.0,326096.0,333424.0,414032.0,553264.0,355408.0,370064.0,271340.0,384720.0
92,Mongolia,MNG,coal,9570368.0,9339536.0,10646904.0,11178864.0,18202752.0,31396816.0,39790722.0,26014400.0,19697107.0,22086126.0,30074112.0
93,Montenegro,MNE,coal,1024081.0,1511694.0,817072.0,1623152.0,1677001.0,1505904.0,1452134.0,1417968.0,1494912.0,1183472.0,1201792.0
94,Morocco,MAR,coal,15078481.0,14121056.0,13168416.0,13223376.0,11464656.0,11461719.0,11211840.0,15299902.0,16844443.0,16235184.0,16876384.0
95,Mozambique,MOZ,coal,25606.0,25691.0,25648.0,25648.0,124576.0,40304.0,36640.0,824400.0,428937.0,51296.0,91600.0
96,Myanmar,MMR,coal,820736.0,648528.0,608443.0,1231448.0,1663456.0,1704284.0,1143168.0,1157824.0,926839.0,1927264.0,1971232.0
97,Namibia,NAM,coal,157552.0,849112.0,396185.0,278464.0,69616.0,275102.0,106256.0,69547.0,7328.0,69616.0,87856.0
98,Nepal,NPL,coal,747456.0,746643.0,703488.0,1102864.0,1113856.0,831728.0,1040576.0,1835664.0,2112993.0,2612432.0,2997152.0
99,Netherlands,NLD,coal,32647966.0,31645528.0,29159375.0,30136651.0,29334849.0,31663527.0,32276110.0,35621519.0,43431843.0,40001215.0,35950107.0
100,New Caledonia,NCL,coal,626544.0,640378.0,724569.0,1207877.0,1161488.0,1253088.0,1231104.0,1788032.0,1878179.0,2425568.0,2740672.0
101,New Zealand,NZL,coal,6725795.0,8284470.0,6316473.0,5458101.0,5534238.0,6852585.0,6013030.0,5442021.0,5469635.0,4465043.0,5031821.0
102,Niger,NER,coal,232016.0,271136.0,278464.0,329760.0,370064.0,384720.0,340752.0,388384.0,326096.0,359072.0,326096.0
103,Nigeria,NGA,coal,62288.0,84272.0,91600.0,102592.0,84270.0,128240.0,117244.0,120912.0,124572.0,120912.0,120912.0
104,North Korea,PRK,coal,58495760.0,65193552.0,48533344.0,45126195.0,31103696.0,32602272.0,21756832.0,25387223.0,19078448.0,21672560.0,16226911.0
105,North Macedonia,MKD,coal,5723168.0,5935680.0,5278411.0,5222613.0,5818432.0,5525312.0,4558016.0,4316192.0,3748272.0,3436832.0,3814224.0
106,Norway,NOR,coal,3831675.0,4002090.0,2971937.0,3795225.0,3936444.0,3899428.0,4008583.0,4224572.0,4110333.0,4184171.0,4284854.0
107,Pakistan,PAK,coal,23108848.0,18909904.0,18510528.0,17425984.0,17165840.0,14696304.0,13659392.0,18843507.0,19276304.0,24662384.0,41857536.0
108,Panama,PAN,coal,534944.0,73280.0,150224.0,0.0,629976.0,857376.0,905008.0,934320.0,937984.0,831728.0,230832.0
109,Papua New Guinea,PNG,coal,0.0,0.0,0.0,0.0,0.0,0.0,0.0,0.0,0.0,0.0,0.0
110,Paraguay,PRY,coal,0.0,0.0,0.0,0.0,3664.0,3667.0,0.0,0.0,10992.0,3666.0,3664.0
111,Peru,PER,coal,3605376.0,3389200.0,3055556.0,3301264.0,3129056.0,2898224.0,3370880.0,3048448.0,3088518.0,3213102.0,2810091.0
112,Philippines,PHL,coal,21888736.0,25455007.0,24662384.0,28231120.0,31017109.0,32444720.0,40025536.0,42729568.0,46417705.0,51486528.0,61632144.0
113,Poland,POL,coal,227707322.0,220508895.0,209073592.0,220930084.0,218383432.0,214048378.0,214321079.0,203005525.0,201655981.0,202108869.0,203610264.0
114,Portugal,PRT,coal,11445832.0,9849227.0,10750163.0,6439520.0,8646574.0,11149684.0,10205903.0,10327998.0,12574969.0,10831652.0,11902878.0
115,Romania,ROU,coal,41818750.0,39703142.0,31221781.0,28873281.0,33389523.0,30689789.0,24450400.0,24683528.0,24847463.0,21809836.0,21725814.0
116,Russia,RUS,coal,419410616.0,448428418.0,415649829.0,415281979.0,426376990.0,441254970.0,403812100.0,392610161.0,412576906.0,400706618.0,383249474.0
117,Rwanda,RWA,coal,0.0,0.0,0.0,0.0,0.0,0.0,0.0,0.0,0.0,0.0,0.0
118,Saint Pierre and Miquelon,SPM,coal,0.0,0.0,0.0,0.0,0.0,0.0,0.0,0.0,0.0,0.0,0.0
119,Senegal,SEN,coal,707152.0,597232.0,740128.0,674176.0,942082.0,817072.0,813784.0,1099200.0,1150496.0,1205456.0,1439952.0
120,Serbia,SRB,coal,39988896.0,35489504.0,31470096.0,30819084.0,34276720.0,30114416.0,31286896.0,24625744.0,30566189.0,31069586.0,31019424.0
121,Sierra Leone,SLE,coal,0.0,0.0,0.0,0.0,0.0,0.0,0.0,0.0,0.0,0.0,0.0
122,Singapore,SGP,coal,25648.0,18320.0,14656.0,25648.0,25648.0,102592.0,1135840.0,1674448.0,1751392.0,1832000.0,2062639.0
123,Slovakia,SVK,coal,17560756.0,17059462.0,16026508.0,16050049.0,16303342.0,14579966.0,14276064.0,14083550.0,13918411.0,13828549.0,14284374.0
124,Slovenia,SVN,coal,6941250.0,6679762.0,6155486.0,6283570.0,6326528.0,5992192.0,5740609.0,4505375.0,4615338.0,4963894.0,4906708.0
125,South Africa,ZAF,coal,392172001.0,418299990.0,412673306.0,406920176.0,400482528.0,398013496.0,392322800.0,413225920.0,386456736.0,399277072.0,400204064.0
126,South Korea,KOR,coal,213397095.0,238841504.0,245541083.0,279429456.0,304650608.0,292260810.0,295803867.0,308367844.0,308017824.0,309692272.0,313486368.0
127,South Sudan,SSD,coal,0.0,0.0,0.0,0.0,0.0,0.0,0.0,0.0,0.0,0.0,0.0
128,Spain,ESP,coal,84629073.0,59334166.0,45080874.0,36352365.0,54215350.0,63252868.0,49190519.0,54142112.0,61751354.0,45583840.0,53514953.0
129,Sri Lanka,LKA,coal,161216.0,219840.0,223504.0,227168.0,1132176.0,1919493.0,2018864.0,3880176.0,5217536.0,5525312.0,5723168.0
130,Sudan,SDN,coal,0.0,0.0,0.0,0.0,0.0,0.0,0.0,0.0,0.0,0.0,0.0
131,Suriname,SUR,coal,0.0,0.0,0.0,0.0,0.0,0.0,0.0,0.0,0.0,0.0,0.0
132,Sweden,SWE,coal,10801130.0,10367146.0,7387569.0,10340370.0,9493807.0,8669261.0,8731069.0,8096578.0,8121384.0,7979551.0,8441989.0
133,Switzerland,CHE,coal,742047.0,682220.0,636739.0,649807.0,608872.0,558297.0,585165.0,603504.0,562831.0,532576.0,509162.0
134,Syria,SYR,coal,10992.0,10992.0,10991.0,10992.0,10992.0,3664.0,3664.0,3664.0,3664.0,3664.0,3664.0
135,Taiwan,TWN,coal,158915008.0,152319808.0,145315753.0,154225088.0,156049760.0,151209616.0,153728266.0,155778624.0,151231600.0,154932240.0,158089072.0
136,Tajikistan,TJK,coal,315104.0,340752.0,307776.0,337580.0,370064.0,702603.0,874583.0,1479058.0,1758720.0,2988101.0,3962679.0
137,Tanzania,TZA,coal,73233.0,40304.0,0.0,0.0,216075.0,208932.0,227084.0,652192.0,681504.0,732800.0,1494912.0
138,Thailand,THA,coal,51608258.0,56301024.0,52978574.0,56144274.0,62899888.0,63302070.0,66219472.0,60866368.0,64618304.0,59100320.0,62764320.0
139,Trinidad and Tobago,TTO,coal,0.0,0.0,0.0,0.0,0.0,0.0,0.0,0.0,0.0,0.0,0.0
140,Tunisia,TUN,coal,0.0,0.0,0.0,54960.0,43968.0,0.0,0.0,0.0,0.0,0.0,0.0
141,Turkey,TUR,coal,125957575.0,122729955.0,130271594.0,129478073.0,135078481.0,141429397.0,125254471.0,130155935.0,138650776.0,151353323.0,157710712.0
142,Turkmenistan,TKM,coal,0.0,0.0,0.0,0.0,0.0,0.0,0.0,0.0,0.0,0.0,0.0
143,Ukraine,UKR,coal,161469315.0,154640032.0,136610681.0,145421074.0,153853422.0,158981373.0,160185116.0,138372712.0,119392929.0,126828000.0,112449834.0
144,United Arab Emirates,ARE,coal,512960.0,1377697.0,1040553.0,2476922.0,1674448.0,5246848.0,6719665.0,7481760.0,6503600.0,6979920.0,8071949.0
145,United Kingdom,GBR,coal,150622897.0,139053640.0,114068487.0,118038267.0,117091109.0,148017416.0,142684950.0,115704363.0,91746624.0,47888983.0,39163034.0
146,United States,USA,coal,2204958986.0,2171036286.0,1902136872.0,2010567000.0,1900913002.0,1682602869.0,1739502572.0,1732211600.0,1503252859.0,1378159832.0,1337536223.0
147,Uruguay,URY,coal,10992.0,3664.0,3664.0,3664.0,3666.0,7331.0,10992.0,10992.0,10986.0,14664.0,14656.0
148,Uzbekistan,UZB,coal,5034336.0,4924416.0,5305472.0,5151584.0,5415392.0,5470526.0,8012900.0,7430592.0,6327500.0,6364368.0,7221744.0
149,Vanuatu,VUT,coal,0.0,0.0,0.0,0.0,0.0,0.0,0.0,0.0,0.0,0.0,0.0
150,Venezuela,VEN,coal,403040.0,512960.0,861040.0,754784.0,776768.0,798752.0,795088.0,747456.0,516635.0,468981.0,479972.0
151,Vietnam,VNM,coal,36462820.0,43641904.0,45488560.0,47463456.0,59550992.0,52266960.0,56275376.0,70517344.0,83191120.0,81560640.0,77680464.0
152,World,OWID_WRL,coal,12774790393.0,13260655669.0,13096209196.0,13930110309.0,14748065579.0,14901934979.0,14921136417.0,14944735945.0,14624451360.0,14364382007.0,14413360970.0
153,Yemen,YEM,coal,0.0,128240.0,238160.0,450672.0,461664.0,472751.0,494640.0,494640.0,414032.0,359072.0,337088.0
154,Zambia,ZMB,coal,293120.0,315104.0,406704.0,381056.0,267125.0,348080.0,458000.0,483648.0,483226.0,853712.0,1901616.0
155,Zimbabwe,ZWE,coal,7807984.0,5957664.0,3559037.0,5606980.0,5830841.0,3391251.0,7033431.0,7731040.0,8035152.0,7060528.0,6382688.0
